{
  "citation": "@article{DBLP:journals/corr/abs-1902-01007,\n  author    = {R. Thomas McCoy and\n               Ellie Pavlick and\n               Tal Linzen},\n  title     = {Right for the Wrong Reasons: Diagnosing Syntactic Heuristics in Natural\n               Language Inference},\n  journal   = {CoRR},\n  volume    = {abs/1902.01007},\n  year      = {2019},\n  url       = {http://arxiv.org/abs/1902.01007},\n  archivePrefix = {arXiv},\n  eprint    = {1902.01007},\n  timestamp = {Tue, 21 May 2019 18:03:36 +0200},\n  biburl    = {https://dblp.org/rec/journals/corr/abs-1902-01007.bib},\n  bibsource = {dblp computer science bibliography, https://dblp.org}\n}",
  "description": "The HANS dataset is an NLI evaluation set that tests specific hypotheses about invalid heuristics that NLI models are likely to learn.",
  "features": {
    "sentence1": {
      "dtype": "string",
      "_type": "Value"
    },
    "sentence2": {
      "dtype": "string",
      "_type": "Value"
    },
    "labels": {
      "names": [
        "non-entailment",
        "entailment"
      ],
      "_type": "ClassLabel"
    },
    "heuristic": {
      "dtype": "string",
      "_type": "Value"
    },
    "input_ids": {
      "feature": {
        "dtype": "int32",
        "_type": "Value"
      },
      "_type": "Sequence"
    },
    "attention_mask": {
      "feature": {
        "dtype": "int8",
        "_type": "Value"
      },
      "_type": "Sequence"
    }
  },
  "homepage": "https://github.com/tommccoy1/hans",
  "license": ""
}