{
  "citation": "@InProceedings{N18-1101,\n  author = {Williams, Adina\n            and Nangia, Nikita\n            and Bowman, Samuel},\n  title = {A Broad-Coverage Challenge Corpus for\n           Sentence Understanding through Inference},\n  booktitle = {Proceedings of the 2018 Conference of\n               the North American Chapter of the\n               Association for Computational Linguistics:\n               Human Language Technologies, Volume 1 (Long\n               Papers)},\n  year = {2018},\n  publisher = {Association for Computational Linguistics},\n  pages = {1112--1122},\n  location = {New Orleans, Louisiana},\n  url = {http://aclweb.org/anthology/N18-1101}\n}",
  "description": "The Multi-Genre Natural Language Inference (MultiNLI) corpus is a\ncrowd-sourced collection of 433k sentence pairs annotated with textual\nentailment information. The corpus is modeled on the SNLI corpus, but differs in\nthat covers a range of genres of spoken and written text, and supports a\ndistinctive cross-genre generalization evaluation. The corpus served as the\nbasis for the shared task of the RepEval 2017 Workshop at EMNLP in Copenhagen.",
  "features": {
    "sentence1": {
      "dtype": "string",
      "_type": "Value"
    },
    "sentence2": {
      "dtype": "string",
      "_type": "Value"
    },
    "labels": {
      "names": [
        "contradiction",
        "neutral",
        "entailment"
      ],
      "_type": "ClassLabel"
    },
    "input_ids": {
      "feature": {
        "dtype": "int32",
        "_type": "Value"
      },
      "_type": "Sequence"
    },
    "attention_mask": {
      "feature": {
        "dtype": "int8",
        "_type": "Value"
      },
      "_type": "Sequence"
    }
  },
  "homepage": "https://www.nyu.edu/projects/bowman/multinli/",
  "license": ""
}