{
  "citation": "",
  "description": "",
  "features": {
    "sentence1": {
      "dtype": "string",
      "_type": "Value"
    },
    "sentence2": {
      "dtype": "string",
      "_type": "Value"
    },
    "labels": {
      "dtype": "int64",
      "_type": "Value"
    },
    "input_ids": {
      "feature": {
        "dtype": "int32",
        "_type": "Value"
      },
      "_type": "Sequence"
    },
    "attention_mask": {
      "feature": {
        "dtype": "int8",
        "_type": "Value"
      },
      "_type": "Sequence"
    }
  },
  "homepage": "",
  "license": ""
}